{
  "unsafe_rate": 0.0,
  "pollute_rate": 0.27685185185185185,
  "tps": 11970.72474030469,
  "mean_latency": 23.760358142196303,
  "consensus_failure_rate": 0.0,
  "timeout_failure_rate": 0.0,
  "queue_peak": 77.0,
  "eligible_size_mean": 12.0625,
  "R_unsafe": 0.0,
  "R_pollute": 0.27685185185185185,
  "TPS": 11970.72474030469,
  "recovery_time": 1,
  "malicious_detection_f1": 0.8235294117647058,
  "malicious_detection_auc": 0.9597834683641975,
  "false_positive_rate": 0.1875,
  "oscillation_index": 11.271835327148438,
  "eligible_size_distribution": [
    16,
    15,
    13,
    14,
    14,
    14,
    14,
    14,
    12,
    11,
    12,
    12,
    14,
    12,
    10,
    12,
    13,
    13,
    12,
    11,
    11,
    11,
    14,
    14,
    12,
    12,
    12,
    13,
    13,
    12,
    15,
    12,
    12,
    13,
    13,
    12,
    12,
    13,
    13,
    13,
    16,
    16,
    14,
    12,
    12,
    10,
    11,
    8,
    13,
    13,
    14,
    13,
    11,
    10,
    9,
    8,
    7,
    8,
    9,
    8,
    9,
    8,
    9,
    13,
    15,
    13,
    14,
    9,
    12,
    12,
    13,
    13,
    10,
    12,
    12,
    14,
    12,
    12,
    11,
    10
  ],
  "action_trajectory_mean": {
    "m_e": 10.025,
    "b_e": 411.2,
    "tau_e": 43.5,
    "theta_e": 0.4762500000000001
  }
}