{
  "unsafe_rate": 0.0125,
  "pollute_rate": 0.27633744855967074,
  "tps": 6180.05279827264,
  "mean_latency": 31.03340206668259,
  "consensus_failure_rate": 0.075,
  "timeout_failure_rate": 0.0625,
  "queue_peak": 5698.0,
  "eligible_size_mean": 12.725,
  "R_unsafe": 0.0125,
  "R_pollute": 0.27633744855967074,
  "TPS": 6180.05279827264,
  "recovery_time": 0,
  "malicious_detection_f1": 0.7719298245614035,
  "malicious_detection_auc": 0.9538059413580248,
  "false_positive_rate": 0.2777777777777778,
  "oscillation_index": 1.7607595920562744,
  "eligible_size_distribution": [
    25,
    25,
    24,
    15,
    14,
    14,
    16,
    12,
    15,
    13,
    11,
    11,
    14,
    12,
    10,
    12,
    13,
    13,
    12,
    11,
    11,
    10,
    12,
    13,
    13,
    14,
    14,
    13,
    13,
    13,
    13,
    13,
    15,
    13,
    13,
    12,
    14,
    13,
    13,
    13,
    24,
    24,
    22,
    13,
    12,
    10,
    11,
    8,
    11,
    12,
    14,
    13,
    11,
    10,
    9,
    7,
    6,
    9,
    9,
    9,
    10,
    9,
    10,
    11,
    14,
    12,
    12,
    10,
    11,
    11,
    13,
    12,
    11,
    11,
    11,
    13,
    11,
    11,
    11,
    10
  ],
  "action_trajectory_mean": {
    "m_e": 7.05,
    "b_e": 134.4,
    "tau_e": 20.5,
    "theta_e": 0.40499999999999997
  }
}