{
  "train_episodes": 8,
  "ep_reward_mean": 366.8062665089965,
  "ep_cost_mean": 0.0,
  "lambda_final": 0.07119999999999996,
  "device": "mps",
  "device_runtime": {
    "requested": "auto",
    "resolved": "mps",
    "cuda_available": false,
    "cuda_device_count": 0,
    "mps_available": true
  },
  "post_train_eval": {
    "unsafe_rate": 0.0,
    "pollute_rate": 0.2766689529035208,
    "tps": 13118.351479444105,
    "mean_latency": 21.356129981910044,
    "consensus_failure_rate": 0.0,
    "timeout_failure_rate": 0.0,
    "queue_peak": 99.0,
    "eligible_size_mean": 11.808333333333334,
    "R_unsafe": 0.0,
    "R_pollute": 0.2766689529035208,
    "TPS": 13118.351479444105,
    "recovery_time": 1,
    "malicious_detection_f1": 0.837375745526839,
    "malicious_detection_auc": 0.9737875085733882,
    "false_positive_rate": 0.17685185185185184,
    "oscillation_index": 2.5693278312683105,
    "eligible_size_distribution": [
      16,
      14,
      13,
      13,
      12,
      12,
      12,
      9,
      10,
      9,
      9,
      11,
      9,
      7,
      7,
      8,
      8,
      8,
      7,
      10,
      11,
      11,
      14,
      14,
      13,
      14,
      14,
      13,
      13,
      14,
      15,
      15,
      15,
      13,
      13,
      12,
      14,
      13,
      13,
      13,
      11,
      12,
      11,
      10,
      11,
      11,
      12,
      13,
      12,
      11,
      11,
      10,
      10,
      11,
      11,
      11,
      14,
      13,
      12,
      11,
      16,
      16,
      14,
      12,
      11,
      9,
      9,
      8,
      12,
      13,
      14,
      13,
      11,
      10,
      9,
      8,
      7,
      9,
      9,
      9,
      10,
      10,
      11,
      13,
      15,
      13,
      14,
      11,
      12,
      12,
      13,
      13,
      11,
      12,
      12,
      14,
      12,
      12,
      11,
      10,
      11,
      12,
      13,
      14,
      10,
      14,
      12,
      12,
      11,
      12,
      13,
      13,
      14,
      15,
      13,
      13,
      13,
      14,
      14,
      15
    ],
    "action_trajectory_mean": {
      "m_e": 7.3,
      "b_e": 358.4,
      "tau_e": 45.666666666666664,
      "theta_e": 0.4666666666666668
    }
  }
}