{
  "load_shock": {
    "arrivals_mean": 442.06708333333336,
    "arrivals_std": 231.82581302167307,
    "arrivals_min": 150.0,
    "arrivals_max": 734.0,
    "arrivals_p50": 618.0,
    "arrivals_p95": 685.0,
    "load_mean": 58.09449166666666,
    "load_std": 71.12986802667074,
    "load_min": 0.0,
    "load_max": 234.0,
    "load_p50": 15.375,
    "load_p95": 198.35599999999997,
    "rtt_mean": 28.10234906588013,
    "rtt_std": 8.017766625662238,
    "rtt_min": 14.000681039869564,
    "rtt_max": 41.99244503917178,
    "rtt_p50": 28.249245654777248,
    "rtt_p95": 40.54615628371963,
    "churn_mean": 0.11424382716049382,
    "churn_std": 0.06013924924731338,
    "churn_min": 0.0,
    "churn_max": 0.3333333333333333,
    "churn_p50": 0.1111111111111111,
    "churn_p95": 0.2222222222222222,
    "queue_size_mean": 5809.449166666666,
    "queue_size_std": 7112.986802667075,
    "queue_size_min": 0.0,
    "queue_size_max": 23400.0,
    "queue_size_p50": 1537.5,
    "queue_size_p95": 19835.6,
    "latency_mean": 22.494827238125186,
    "latency_std": 5.243136424633553,
    "latency_min": 9.276991629819157,
    "latency_max": 48.37115412846727,
    "latency_p50": 22.09462764072525,
    "latency_p95": 31.60356179210885,
    "tps_mean": 12043.320742940661,
    "tps_std": 5234.302361523685,
    "tps_min": 3803.919987340405,
    "tps_max": 42617.23975158704,
    "tps_p50": 10693.816883534244,
    "tps_p95": 23321.989794807065,
    "unsafe_rate_mean": 0.0,
    "unsafe_rate_std": 0.0,
    "unsafe_rate_min": 0.0,
    "unsafe_rate_max": 0.0,
    "unsafe_rate_p50": 0.0,
    "unsafe_rate_p95": 0.0,
    "timeout_rate_mean": 0.0,
    "timeout_rate_std": 0.0,
    "timeout_rate_min": 0.0,
    "timeout_rate_max": 0.0,
    "timeout_rate_p50": 0.0,
    "timeout_rate_p95": 0.0,
    "structural_infeasible_rate_mean": 0.0008333333333333334,
    "structural_infeasible_rate_std": 0.02885548282196797,
    "structural_infeasible_rate_min": 0.0,
    "structural_infeasible_rate_max": 1.0,
    "structural_infeasible_rate_p50": 0.0,
    "structural_infeasible_rate_p95": 0.0,
    "policy_invalid_rate_mean": 0.3779166666666667,
    "policy_invalid_rate_std": 0.4848666411728303,
    "policy_invalid_rate_min": 0.0,
    "policy_invalid_rate_max": 1.0,
    "policy_invalid_rate_p50": 0.0,
    "policy_invalid_rate_p95": 1.0,
    "eligible_size_mean": 10.546666666666667,
    "eligible_size_std": 2.6323922368995256,
    "eligible_size_min": 3.0,
    "eligible_size_max": 25.0,
    "eligible_size_p50": 10.0,
    "eligible_size_p95": 15.0,
    "committee_size_mean": 6.067916666666667,
    "committee_size_std": 1.509957171486073,
    "committee_size_min": 3.0,
    "committee_size_max": 9.0,
    "committee_size_p50": 5.0,
    "committee_size_p95": 9.0,
    "honest_ratio_mean": 0.9992182539682539,
    "honest_ratio_std": 0.0122554119297209,
    "honest_ratio_min": 0.7142857142857143,
    "honest_ratio_max": 1.0,
    "honest_ratio_p50": 1.0,
    "honest_ratio_p95": 1.0,
    "scenario_phase_distribution": {
      "pre_shock": 1080,
      "shock": 1320
    }
  },
  "high_rtt_burst": {
    "arrivals_mean": 259.9841666666667,
    "arrivals_std": 15.793028503284466,
    "arrivals_min": 213.0,
    "arrivals_max": 311.0,
    "arrivals_p50": 260.0,
    "arrivals_p95": 286.0,
    "load_mean": 0.08220416666666666,
    "load_std": 0.281491148438642,
    "load_min": 0.0,
    "load_max": 3.09,
    "load_p50": 0.0,
    "load_p95": 0.39,
    "rtt_mean": 44.75070966615081,
    "rtt_std": 25.42706472092198,
    "rtt_min": 14.000681039869564,
    "rtt_max": 99.91786942486058,
    "rtt_p50": 35.098138406633346,
    "rtt_p95": 93.97486154240671,
    "churn_mean": 0.11466049382716048,
    "churn_std": 0.06086725726664166,
    "churn_min": 0.0,
    "churn_max": 0.4074074074074074,
    "churn_p50": 0.1111111111111111,
    "churn_p95": 0.2222222222222222,
    "queue_size_mean": 8.220416666666667,
    "queue_size_std": 28.149114843864197,
    "queue_size_min": 0.0,
    "queue_size_max": 309.0,
    "queue_size_p50": 0.0,
    "queue_size_p95": 39.0,
    "latency_mean": 26.129848360819892,
    "latency_std": 10.306300908180473,
    "latency_min": 8.876647636077168,
    "latency_max": 174.09414013399243,
    "latency_p50": 24.108039905958826,
    "latency_p95": 42.21126625364559,
    "tps_mean": 11248.859032282344,
    "tps_std": 3967.102588679023,
    "tps_min": 0.0,
    "tps_max": 28839.716354127286,
    "tps_p50": 10781.699702872276,
    "tps_p95": 18553.86241873959,
    "unsafe_rate_mean": 0.0,
    "unsafe_rate_std": 0.0,
    "unsafe_rate_min": 0.0,
    "unsafe_rate_max": 0.0,
    "unsafe_rate_p50": 0.0,
    "unsafe_rate_p95": 0.0,
    "timeout_rate_mean": 0.00125,
    "timeout_rate_std": 0.035333235062756436,
    "timeout_rate_min": 0.0,
    "timeout_rate_max": 1.0,
    "timeout_rate_p50": 0.0,
    "timeout_rate_p95": 0.0,
    "structural_infeasible_rate_mean": 0.0004166666666666667,
    "structural_infeasible_rate_std": 0.020408161493764097,
    "structural_infeasible_rate_min": 0.0,
    "structural_infeasible_rate_max": 1.0,
    "structural_infeasible_rate_p50": 0.0,
    "structural_infeasible_rate_p95": 0.0,
    "policy_invalid_rate_mean": 0.25125,
    "policy_invalid_rate_std": 0.4337319880986414,
    "policy_invalid_rate_min": 0.0,
    "policy_invalid_rate_max": 1.0,
    "policy_invalid_rate_p50": 0.0,
    "policy_invalid_rate_p95": 1.0,
    "eligible_size_mean": 10.706666666666667,
    "eligible_size_std": 2.4889332833342257,
    "eligible_size_min": 4.0,
    "eligible_size_max": 26.0,
    "eligible_size_p50": 11.0,
    "eligible_size_p95": 15.0,
    "committee_size_mean": 6.317916666666667,
    "committee_size_std": 1.5790859148218912,
    "committee_size_min": 4.0,
    "committee_size_max": 9.0,
    "committee_size_p50": 5.0,
    "committee_size_p95": 9.0,
    "honest_ratio_mean": 0.9997182539682539,
    "honest_ratio_std": 0.007128173104650289,
    "honest_ratio_min": 0.7777777777777778,
    "honest_ratio_max": 1.0,
    "honest_ratio_p50": 1.0,
    "honest_ratio_p95": 1.0,
    "scenario_phase_distribution": {
      "base": 1560,
      "burst": 840
    }
  },
  "churn_burst": {
    "arrivals_mean": 259.9841666666667,
    "arrivals_std": 15.793028503284466,
    "arrivals_min": 213.0,
    "arrivals_max": 311.0,
    "arrivals_p50": 260.0,
    "arrivals_p95": 286.0,
    "load_mean": 0.8572291666666666,
    "load_std": 1.2060115522453778,
    "load_min": 0.0,
    "load_max": 6.03,
    "load_p50": 0.15,
    "load_p95": 3.39,
    "rtt_mean": 28.12864814054906,
    "rtt_std": 8.060430662344972,
    "rtt_min": 14.000681039869564,
    "rtt_max": 41.98474993550374,
    "rtt_p50": 28.242324609987442,
    "rtt_p95": 40.57809867350279,
    "churn_mean": 0.11910493827160494,
    "churn_std": 0.06408851588001624,
    "churn_min": 0.0,
    "churn_max": 0.4074074074074074,
    "churn_p50": 0.1111111111111111,
    "churn_p95": 0.2222222222222222,
    "queue_size_mean": 85.72291666666666,
    "queue_size_std": 120.60115522453778,
    "queue_size_min": 0.0,
    "queue_size_max": 603.0,
    "queue_size_p50": 15.0,
    "queue_size_p95": 339.0,
    "latency_mean": 18.617718726174164,
    "latency_std": 5.281429479398878,
    "latency_min": 8.343649143237554,
    "latency_max": 43.486283068334146,
    "latency_p50": 18.127983928166543,
    "latency_p95": 28.16317267574064,
    "tps_mean": 15088.309854471354,
    "tps_std": 4567.280727876194,
    "tps_min": 5886.9138021689,
    "tps_max": 40926.78569787819,
    "tps_p50": 14308.612602021796,
    "tps_p95": 24067.82226411944,
    "unsafe_rate_mean": 0.0,
    "unsafe_rate_std": 0.0,
    "unsafe_rate_min": 0.0,
    "unsafe_rate_max": 0.0,
    "unsafe_rate_p50": 0.0,
    "unsafe_rate_p95": 0.0,
    "timeout_rate_mean": 0.0,
    "timeout_rate_std": 0.0,
    "timeout_rate_min": 0.0,
    "timeout_rate_max": 0.0,
    "timeout_rate_p50": 0.0,
    "timeout_rate_p95": 0.0,
    "structural_infeasible_rate_mean": 0.40208333333333335,
    "structural_infeasible_rate_std": 0.4903185968213819,