{
  "unsafe_rate": 0.0,
  "pollute_rate": 0.27633744855967074,
  "tps": 6253.712539266558,
  "mean_latency": 27.203250677793694,
  "consensus_failure_rate": 0.05,
  "timeout_failure_rate": 0.05,
  "queue_peak": 5570.0,
  "eligible_size_mean": 12.8125,
  "R_unsafe": 0.0,
  "R_pollute": 0.27633744855967074,
  "TPS": 6253.712539266558,
  "recovery_time": 0,
  "malicious_detection_f1": 0.7727771679473107,
  "malicious_detection_auc": 0.9537094907407407,
  "false_positive_rate": 0.2763888888888889,
  "oscillation_index": 0.0,
  "eligible_size_distribution": [
    25,
    25,
    24,
    15,
    14,
    14,
    16,
    12,
    15,
    13,
    14,
    15,
    14,
    12,
    10,
    12,
    13,
    13,
    12,
    11,
    11,
    10,
    12,
    13,
    13,
    14,
    14,
    13,
    13,
    13,
    13,
    13,
    15,
    13,
    13,
    12,
    14,
    13,
    13,
    13,
    24,
    24,
    22,
    13,
    12,
    10,
    11,
    8,
    11,
    12,
    14,
    13,
    11,
    10,
    9,
    7,
    6,
    9,
    9,
    9,
    10,
    9,
    10,
    11,
    14,
    12,
    12,
    10,
    11,
    11,
    13,
    12,
    11,
    11,
    11,
    13,
    11,
    11,
    11,
    10
  ],
  "action_trajectory_mean": {
    "m_e": 7.0,
    "b_e": 128.0,
    "tau_e": 20.0,
    "theta_e": 0.39999999999999997
  }
}