{
  "rows": [
    {
      "unsafe_rate": 0.0,
      "pollute_rate": 0.27633744855967074,
      "tps": 7350.481488961971,
      "mean_latency": 27.922823600247398,
      "consensus_failure_rate": 0.05,
      "timeout_failure_rate": 0.05,
      "queue_peak": 4802.0,
      "eligible_size_mean": 12.125,
      "R_unsafe": 0.0,
      "R_pollute": 0.27633744855967074,
      "TPS": 7350.481488961971,
      "recovery_time": 0,
      "malicious_detection_f1": 0.7861599546228021,
      "malicious_detection_auc": 0.9538025655864197,
      "false_positive_rate": 0.24305555555555555,
      "oscillation_index": 3.371518611907959,
      "eligible_size_distribution": [
        16,
        15,
        13,
        14,
        14,
        14,
        14,
        14,
        12,
        11,
        12,
        12,
        14,
        12,
        10,
        12,
        13,
        13,
        12,
        11,
        11,
        10,
        13,
        14,
        13,
        14,
        14,
        13,
        13,
        13,
        14,
        15,
        15,
        13,
        13,
        12,
        14,
        13,
        13,
        13,
        16,
        16,
        14,
        12,
        12,
        10,
        11,
        8,
        12,
        13,
        14,
        13,
        11,
        10,
        9,
        7,
        6,
        9,
        9,
        9,
        10,
        10,
        10,
        12,
        14,
        12,
        12,
        10,
        11,
        11,
        13,
        13,
        11,
        11,
        12,
        13,
        11,
        11,
        11,
        10
      ],
      "action_trajectory_mean": {
        "m_e": 7.85,
        "b_e": 155.2,
        "tau_e": 24.25,
        "theta_e": 0.4425
      },
      "method": "Static-Param"
    },
    {
      "unsafe_rate": 0.0125,
      "pollute_rate": 0.27633744855967074,
      "tps": 5916.7977168376065,
      "mean_latency": 30.906250677793697,
      "consensus_failure_rate": 0.075,
      "timeout_failure_rate": 0.0625,
      "queue_peak": 5698.0,
      "eligible_size_mean": 12.8125,
      "R_unsafe": 0.0125,
      "R_pollute": 0.27633744855967074,
      "TPS": 5916.7977168376065,
      "recovery_time": 0,
      "malicious_detection_f1": 0.7719298245614035,
      "malicious_detection_auc": 0.9537847222222224,
      "false_positive_rate": 0.2777777777777778,
      "oscillation_index": 0.0,
      "eligible_size_distribution": [
        25,
        25,
        24,
        15,
        14,
        14,
        16,
        12,
        15,
        13,
        14,
        15,
        14,
        12,
        10,
        12,
        13,
        13,
        12,
        11,
        11,
        10,
        12,
        13,
        13,
        14,
        14,
        13,
        13,
        13,
        13,
        13,
        15,
        13,
        13,
        12,
        14,
        13,
        13,
        13,
        24,
        24,
        22,
        13,
        12,
        10,
        11,
        8,
        11,
        12,
        14,
        13,
        11,
        10,
        9,
        7,
        6,
        9,
        9,
        9,
        10,
        9,
        10,
        11,
        14,
        12,
        12,
        10,
        11,
        11,
        13,
        12,
        11,
        11,
        11,
        13,
        11,
        11,
        11,
        10
      ],
      "action_trajectory_mean": {
        "m_e": 7.0,
        "b_e": 128.0,
        "tau_e": 20.0,
        "theta_e": 0.39999999999999997
      },
      "method": "Heuristic-AIMD"
    },
    {
      "unsafe_rate": 0.0,
      "pollute_rate": 0.27633744855967074,
      "tps": 6253.712539266558,
      "mean_latency": 27.203250677793694,
      "consensus_failure_rate": 0.05,
      "timeout_failure_rate": 0.05,
      "queue_peak": 5570.0,
      "eligible_size_mean": 12.8125,
      "R_unsafe": 0.0,
      "R_pollute": 0.27633744855967074,
      "TPS": 6253.712539266558,
      "recovery_time": 0,
      "malicious_detection_f1": 0.7727771679473107,
      "malicious_detection_auc": 0.9537094907407407,
      "false_positive_rate": 0.2763888888888889,
      "oscillation_index": 0.0,
      "eligible_size_distribution": [
        25,
        25,
        24,
        15,
        14,
        14,
        16,
        12,
        15,
        13,
        14,
        15,
        14,
        12,
        10,
        12,
        13,
        13,
        12,
        11,
        11,
        10,
        12,
        13,
        13,
        14,
        14,
        13,
        13,
        13,
        13,
        13,
        15,
        13,
        13,
        12,
        14,
        13,
        13,
        13,
        24,
        24,
        22,
        13,
        12,
        10,
        11,
        8,
        11,
        12,
        14,
        13,
        11,
        10,
        9,
        7,
        6,
        9,
        9,
        9,
        10,
        9,
        10,
        11,
        14,
        12,
        12,
        10,
        11,
        11,
        13,
        12,
        11,
        11,
        11,
        13,
        11,
        11,
        11,
        10
      ],
      "action_trajectory_mean": {
        "m_e": 7.0,
        "b_e": 128.0,
        "tau_e": 20.0,
        "theta_e": 0.39999999999999997
      },
      "method": "AE-PBFT-like"
    },
    {
      "unsafe_rate": 0.0125,
      "pollute_rate": 0.27633744855967074,
      "tps": 6180.05279827264,
      "mean_latency": 31.03340206668259,
      "consensus_failure_rate": 0.075,
      "timeout_failure_rate": 0.0625,
      "queue_peak": 5698.0,
      "eligible_size_mean": 12.725,
      "R_unsafe": 0.0125,
      "R_pollute": 0.27633744855967074,
      "TPS": 6180.05279827264,
      "recovery_time": 0,
      "malicious_detection_f1": 0.7719298245614035,
      "malicious_detection_auc": 0.9538059413580248,
      "false_positive_rate": 0.2777777777777778,
      "oscillation_index": 1.7607595920562744,
      "eligible_size_distribution": [
        25,
        25,
        24,
        15,
        14,
        14,
        16,
        12,
        15,
        13,
        11,
        11,
        14,
        12,
        10,
        12,
        13,
        13,
        12,
        11,
        11,
        10,
        12,
        13,
        13,
        14,
        14,
        13,
        13,
        13,
        13,
        13,
        15,
        13,
        13,
        12,
        14,
        13,
        13,
        13,
        24,
        24,
        22,
        13,
        12,
        10,
        11,
        8,
        11,
        12,
        14,
        13,
        11,
        10,
        9,
        7,
        6,
        9,
        9,
        9,
        10,
        9,
        10,
        11,
        14,
        12,
        12,
        10,
        11,
        11,
        13,
        12,
        11,
        11,
        11,
        13,
        11,
        11,
        11,
        10
      ],
      "action_trajectory_mean": {
        "m_e": 7.05,
        "b_e": 134.4,
        "tau_e": 20.5,
        "theta_e": 0.40499999999999997
      },
      "method": "DVRC-like"
    },
    {
      "unsafe_rate": 0.0,
      "pollute_rate": 0.27633744855967074,
      "tps": 6253.712539266558,
      "mean_latency": 27.203250677793694,
      "consensus_failure_rate": 0.05,
      "timeout_failure_rate": 0.05,
      "queue_peak": 5570.0,
      "eligible_size_mean": 12.8125,
      "R_unsafe": 0.0,
      "R_pollute": 0.27633744855967074,
      "TPS": 6253.712539266558,
      "recovery_time": 0,
      "malicious_detection_f1": 0.7727771679473107,
      "malicious_detection_auc": 0.9537094907407407,
      "false_positive_rate": 0.2763888888888889,
      "oscillation_index": 0.0,