{
  "train_episodes": 2500,
  "ep_reward_mean": 697.5476108404112,
  "ep_cost_mean": 0.01791330447330446,
  "lambda_final": 0.0,
  "device": "cuda",
  "device_runtime": {
    "requested": "auto",
    "resolved": "cuda",
    "cuda_available": true,
    "cuda_device_count": 1,
    "mps_available": false
  },
  "post_train_eval": {
    "unsafe_rate": 0.0,
    "pollute_rate": 0.27571787837219935,
    "tps": 12248.646087460353,
    "mean_latency": 24.568174495392952,
    "consensus_failure_rate": 0.014166666666666666,
    "timeout_failure_rate": 0.014166666666666666,
    "queue_peak": 476.0,
    "eligible_size_mean": 10.925,
    "R_unsafe": 0.0,
    "R_pollute": 0.27571787837219935,
    "TPS": 12248.646087460353,
    "recovery_time": 2,
    "malicious_detection_f1": 0.8270199085909056,
    "malicious_detection_auc": 0.9791003365054868,
    "false_positive_rate": 0.2010185185185185,
    "oscillation_index": 25.875354766845703,
    "eligible_size_distribution": [
      16,
      15,
      13,
      14,
      14,
      14,
      14,
      12,
      13,
      11,
      12,
      15,
      10,
      11,
      10,
      12,
      13,
      13,
      11,
      11,
      11,
      11,
      12,
      14,
      13,
      12,
      14,
      11,
      13,
      12,
      11,
      12,
      15,
      10,
      10,
      12,
      14,
      13,
      13,
      13,
      11,
      10,
      10,
      9,
      10,
      10,
      10,
      12,
      11,
      9,
      11,
      9,
      10,
      8,
      11,
      11,
      8,
      7,
      12,
      10,
      12,
      10,
      9,
      11,
      9,
      8,
      8,
      8,
      8,
      9,
      9,
      10,
      8,
      8,
      12,
      11,
      12,
      12,
      12,
      11,
      12,
      11,
      11,
      8,
      11,
      13,
      12,
      10,
      9,
      11,
      9,
      9,
      12,
      8,
      12,
      13,
      12,
      9,
      9,
      9,
      8,
      11,
      11,
      10,
      11,
      9,
      12,
      13,
      11,
      12,
      12,
      12,
      12,
      8,
      9,
      9,
      11,
      8,
      9,
      9,
      16,
      16,
      14,
      14,
      12,
      10,
      11,
      8,
      13,
      13,
      14,
      13,
      11,
      10,
      9,
      8,
      7,
      8,
      9,
      8,
      10,
      8,
      9,
      13,
      11,
      12,
      12,
      11,
      12,
      12,
      13,
      13,
      10,
      12,
      12,
      9,
      12,
      12,
      11,
      8,
      11,
      8,
      13,
      14,
      10,
      11,
      12,
      8,
      10,
      12,
      13,
      13,
      8,
      14,
      8,
      9,
      13,
      14,
      14,
      15,
      15,
      13,
      14,
      14,
      15,
      15,
      9,
      12,
      10,
      11,
      9,
      12,
      11,
      11,
      13,
      13,
      14,
      11,
      10,
      10,
      13,
      11,
      11,
      8,
      10,
      10,
      8,
      5,
      4,
      4,
      3,
      3,
      3,
      3,
      3,
      2,
      5,
      9,
      11,
      9,
      9,
      11,
      10,
      9,
      9,
      12,
      13,
      11,
      11,
      12,
      13,
      11,
      9,
      11,
      8,
      8,
      10,
      11,
      11,
      10,
      17,
      22,
      13,
      11,
      9,
      11,
      12,
      15,
      17,
      16,
      14,
      14,
      13,
      15,
      13,
      12,
      12,
      10,
      11,
      11,
      10,
      13,
      7,
      10,
      7,
      8,
      9,
      8,
      8,
      12,
      11,
      12,
      12,
      12,
      10,
      13,
      11,
      9,
      10,
      11,
      10,
      9,
      10,
      8,
      11,
      11,
      8,
      9,
      12,
      12,
      12,
      13,
      12,
      12,
      12,
      12,
      14,
      12,
      10,
      11,
      11,
      10,
      8,
      13,
      9,
      16,
      15,
      15,
      15,
      14,
      11,
      8,
      10,
      11,
      8,
      12,
      12,
      9,
      9,
      7,
      9,
      10,
      12,
      12,
      12,
      12,
      8,
      15,
      14,
      13,
      13,
      14,
      14,
      12,
      13,
      15,
      16,
      16,
      11,
      12,
      16,
      17,
      16,
      12,
      16,
      15,
      12,
      15,
      11,
      13,
      12,
      13,
      14,
      12,
      11,
      13,
      12,
      13,
      12,
      9,
      16,
      15,
      23,
      15,
      16,
      16,
      14,
      13,
      12,
      11,
      10,
      11,
      9,
      12,
      9,
      9,
      12,
      11,
      10,
      10,
      10,
      9,
      9,
      9,
      8,
      8,
      8,
      8,
      7,
      9,
      9,
      8,
      9,
      9,
      8,
      11,
      12,
      10,
      8,
      8,
      8,
      10,
      12,
      9,
      9,
      9,
      12,
      9,
      9,
      10,
      9,
      12,
      12,
      10,
      12,
      9,
      10,
      10,
      10,
      9,
      10,
      10,
      9,
      7,
      9,
      8,
      9,
      9,
      11,
      9,
      12,
      13,
      14,
      8,
      15,
      15,
      14,
      12,
      8,
      8,
      8,
      8,
      11,
      13,
      13,
      12,
      13,
      10,
      12,
      10,
      10,
      10,
      9,
      13,
      13,
      11,
      11,
      10,
      10,
      10,
      8,
      12,
      10,
      8,
      8,
      10,
      12,
      13,
      13,
      11,
      12,
      12,
      12,
      11,
      11,
      12,
      12,
      11,
      12,
      11,
      13,
      12,
      11,
      8,
      9,
      9,
      8,
      7,
      7,
      8,
      6,
      6,
      11,
      10,
      10,
      8,
      9,
      9,
      7,
      11,
      8,
      13,
      12,
      12,
      15,
      13,
      10,
      8,
      12,
      13,
      14,
      13,
      9,
      13,
      12,
      13,
      12,
      13,
      14,
      11,
      9,
      10,
      8,
      11,
      8,
      10,
      9,
      9,
      8,
      8,
      8,
      11,
      11,
      8,
      8,
      9,
      9,
      8,
      8,
      12,
      12,
      13,
      13,
      12,
      13,
      12,
      15,
      16,
      16,
      15,
      12,
      9,
      10,
      11,
      11,
      9,
      8,
      8,
      10,
      8,
      8,
      8,
      8,
      8,
      9,
      10,
      10,
      7,
      6,
      10,
      12,
      13,
      12,
      10,
      9,
      9,
      10,
      9,
      9,
      12,
      11,
      12,
      11,
      12,
      14,
      13,
      9,
      11,
      10,
      12,
      10,
      11,
      13,
      10,
      12,
      13,
      15,
      13,
      8,
      11,
      17,
      22,
      14,
      15,
      8,
      8,
      11,
      13,
      13,
      11,
      11,
      10,
      11,
      11,
      12,
      13,
      10,
      8,
      11,
      13,
      7,
      10,
      13,
      7,
      11,
      11,
      12,
      11,
      8,
      12,
      12,
      13,
      9,
      9,
      11,
      11,
      9,
      11,
      10,
      11,
      11,
      13,
      10,
      11,
      11,
      11,
      11,
      11,
      8,
      8,
      9,
      8,
      10,
      7,
      13,
      12,
      11,
      7,
      10,
      7,
      9,
      9,
      7,
      12,
      11,
      7,
      7,
      12,
      13,
      7,
      13,
      7,
      12,
      13,
      12,
      13,
      11,
      8,
      8,
      9,
      9,
      9,
      9,
      8,
      8,
      9,
      8,
      12,
      10,
      11,
      8,
      8,
      9,
      11,
      8,
      8,
      8,
      8,
      10,
      10,
      11,
      9,
      10,
      9,
      12,
      12,
      10,
      8,
      10,
      12,
      14,
      8,
      12,
      12,
      13,
      13,
      8,
      12,
      12,
      10,
      16,
      13,
      13,
      9,
      10,
