{
  "train_episodes": 2500,
  "ep_reward_mean": 752.5584601118684,
  "ep_cost_mean": 0.006967919191919185,
  "lambda_final": 0.0,
  "device": "cuda",
  "device_runtime": {
    "requested": "auto",
    "resolved": "cuda",
    "cuda_available": true,
    "cuda_device_count": 1,
    "mps_available": false
  },
  "post_train_eval": {
    "unsafe_rate": 0.0,
    "pollute_rate": 0.16970964791952445,
    "tps": 11591.700257096378,
    "mean_latency": 25.069098436097896,
    "consensus_failure_rate": 0.009166666666666667,
    "timeout_failure_rate": 0.009166666666666667,
    "queue_peak": 583.0,
    "eligible_size_mean": 13.643333333333333,
    "R_unsafe": 0.0,
    "R_pollute": 0.16970964791952445,
    "TPS": 11591.700257096378,
    "recovery_time": 3,
    "malicious_detection_f1": 0.6976607844286803,
    "malicious_detection_auc": 0.9791424463383839,
    "false_positive_rate": 0.1934469696969697,
    "oscillation_index": 33.5814208984375,
    "eligible_size_distribution": [
      21,
      24,
      21,
      19,
      17,
      17,
      17,
      13,
      12,
      11,
      11,
      10,
      11,
      10,
      11,
      10,
      10,
      8,
      12,
      14,
      14,
      12,
      15,
      15,
      14,
      11,
      11,
      11,
      12,
      12,
      14,
      10,
      13,
      10,
      8,
      12,
      14,
      13,
      12,
      11,
      13,
      9,
      13,
      15,
      16,
      16,
      17,
      17,
      16,
      15,
      14,
      10,
      8,
      16,
      12,
      16,
      15,
      16,
      14,
      14,
      12,
      13,
      14,
      15,
      15,
      18,
      17,
      19,
      18,
      18,
      17,
      16,
      15,
      16,
      17,
      16,
      16,
      13,
      13,
      15,
      14,
      17,
      17,
      14,
      15,
      17,
      16,
      16,
      16,
      17,
      11,
      13,
      12,
      12,
      13,
      16,
      16,
      14,
      13,
      13,
      13,
      14,
      12,
      13,
      10,
      12,
      13,
      12,
      14,
      15,
      12,
      12,
      12,
      14,
      9,
      13,
      12,
      15,
      15,
      15,
      24,
      24,
      22,
      17,
      14,
      11,
      11,
      10,
      10,
      11,
      11,
      15,
      10,
      11,
      16,
      15,
      14,
      16,
      18,
      11,
      12,
      13,
      14,
      14,
      15,
      15,
      16,
      16,
      16,
      17,
      15,
      13,
      11,
      12,
      11,
      12,
      10,
      14,
      13,
      14,
      10,
      14,
      10,
      16,
      17,
      15,
      14,
      13,
      11,
      12,
      12,
      16,
      16,
      15,
      18,
      20,
      19,
      17,
      19,
      17,
      17,
      14,
      15,
      14,
      14,
      13,
      14,
      15,
      14,
      15,
      12,
      13,
      14,
      13,
      14,
      14,
      16,
      16,
      14,
      14,
      14,
      14,
      12,
      12,
      11,
      10,
      11,
      11,
      12,
      12,
      12,
      12,
      11,
      7,
      8,
      11,
      14,
      14,
      12,
      12,
      13,
      14,
      13,
      12,
      15,
      16,
      13,
      11,
      14,
      13,
      13,
      16,
      16,
      16,
      15,
      15,
      15,
      14,
      16,
      16,
      21,
      18,
      18,
      18,
      18,
      18,
      16,
      16,
      12,
      11,
      10,
      10,
      11,
      11,
      12,
      11,
      11,
      11,
      13,
      14,
      14,
      14,
      11,
      12,
      9,
      12,
      15,
      11,
      14,
      15,
      17,
      14,
      13,
      13,
      14,
      15,
      14,
      11,
      13,
      8,
      13,
      11,
      11,
      12,
      10,
      14,
      13,
      11,
      14,
      15,
      14,
      14,
      8,
      12,
      12,
      13,
      14,
      13,
      14,
      12,
      11,
      8,
      11,
      8,
      15,
      15,
      14,
      15,
      14,
      15,
      11,
      12,
      12,
      12,
      11,
      13,
      12,
      11,
      9,
      8,
      14,
      15,
      16,
      17,
      15,
      16,
      18,
      18,
      16,
      15,
      15,
      14,
      16,
      14,
      15,
      10,
      13,
      16,
      12,
      11,
      12,
      12,
      10,
      17,
      11,
      17,
      16,
      18,
      16,
      16,
      16,
      15,
      16,
      14,
      13,
      15,
      14,
      15,
      13,
      14,
      20,
      19,
      23,
      17,
      17,
      16,
      14,
      12,
      10,
      13,
      10,
      10,
      14,
      12,
      10,
      12,
      13,
      13,
      13,
      13,
      12,
      12,
      9,
      11,
      8,
      8,
      8,
      10,
      12,
      13,
      13,
      12,
      8,
      13,
      15,
      14,
      14,
      11,
      13,
      12,
      12,
      9,
      13,
      11,
      10,
      12,
      12,
      8,
      14,
      11,
      15,
      13,
      15,
      16,
      16,
      15,
      14,
      14,
      14,
      13,
      15,
      15,
      14,
      12,
      12,
      11,
      13,
      11,
      13,
      13,
      11,
      14,
      15,
      16,
      15,
      15,
      13,
      12,
      13,
      12,
      11,
      11,
      14,
      14,
      14,
      13,
      15,
      15,
      14,
      13,
      12,
      11,
      13,
      13,
      12,
      10,
      12,
      11,
      11,
      12,
      10,
      12,
      12,
      13,
      13,
      14,
      14,
      12,
      10,
      14,
      13,
      15,
      15,
      15,
      15,
      16,
      16,
      16,
      17,
      14,
      19,
      19,
      18,
      15,
      14,
      14,
      11,
      10,
      12,
      11,
      10,
      7,
      12,
      7,
      14,
      13,
      13,
      13,
      11,
      10,
      15,
      14,
      13,
      15,
      12,
      11,
      9,
      12,
      12,
      14,
      15,
      14,
      13,
      14,
      9,
      12,
      8,
      9,
      9,
      10,
      10,
      12,
      13,
      14,
      11,
      15,
      14,
      13,
      14,
      16,
      16,
      16,
      15,
      11,
      12,
      11,
      12,
      12,
      12,
      12,
      11,
      12,
      11,
      8,
      10,
      10,
      18,
      10,
      17,
      16,
      14,
      15,
      15,
      15,
      14,
      15,
      14,
      17,
      17,
      18,
      15,
      15,
      15,
      16,
      15,
      13,
      15,
      14,
      10,
      11,
      11,
      12,
      12,
      9,
      9,
      10,
      12,
      9,
      9,
      11,
      11,
      12,
      14,
      12,
      10,
      11,
      13,
      15,
      16,
      16,
      15,
      16,
      13,
      14,
      14,
      14,
      14,
      15,
      13,
      14,
      26,
      19,
      19,
      14,
      12,
      12,
      10,
      14,
      10,
      10,
      11,
      8,
      12,
      14,
      15,
      16,
      16,
      16,
      18,
      15,
      13,
      12,
      12,
      13,
      12,
      11,
      9,
      16,
      15,
      15,
      17,
      16,
      17,
      16,
      11,
      15,
      15,
      16,
      13,
      12,
      11,
      11,
      12,
      12,
      13,
      11,
      13,
      11,
      14,
      16,
      16,
      10,
      11,
      19,
      16,
      18,
      18,
      19,
      18,
      17,
      18,
      10,
      16,
      12,
      18,
      15,
      19,
      17,
      16,
      15,
      16,
      19,
      14,
      13,
      14,
      19,
      20,
      16,
      12,
      14,
      14,
      16,
      16,
      15,
      12,
      13,
      14,
      16,
      13,
      12,
      12,
      11,
      11,
      11,
      13,
      14,
      13,
      15,
      15,
      13,
      12,
      14,
      16,
      14,
      10,
