{
  "train_episodes": 4,
  "ep_reward_mean": 522.6616245955229,
  "ep_cost_mean": 0.0,
  "lambda_final": 0.0928,
  "device": "mps",
  "device_runtime": {
    "requested": "auto",
    "resolved": "mps",
    "cuda_available": false,
    "cuda_device_count": 0,
    "mps_available": true
  },
  "post_train_eval": {
    "unsafe_rate": 0.0,
    "pollute_rate": 0.2760573845450389,
    "tps": 12079.074829427098,
    "mean_latency": 23.87445456410111,
    "consensus_failure_rate": 0.008333333333333333,
    "timeout_failure_rate": 0.008333333333333333,
    "queue_peak": 524.0,
    "eligible_size_mean": 10.616666666666667,
    "R_unsafe": 0.0,
    "R_pollute": 0.2760573845450389,
    "TPS": 12079.074829427098,
    "recovery_time": 3,
    "malicious_detection_f1": 0.8382295338817078,
    "malicious_detection_auc": 0.984501939729081,
    "false_positive_rate": 0.1865740740740741,
    "oscillation_index": 2.189539670944214,
    "eligible_size_distribution": [
      16,
      15,
      13,
      14,
      14,
      14,
      14,
      10,
      12,
      11,
      12,
      12,
      10,
      10,
      10,
      11,
      11,
      11,
      11,
      10,
      10,
      10,
      10,
      10,
      12,
      12,
      12,
      11,
      11,
      12,
      11,
      12,
      12,
      10,
      10,
      10,
      12,
      11,
      11,
      10,
      10,
      10,
      10,
      9,
      10,
      10,
      11,
      11,
      11,
      10,
      11,
      10,
      10,
      10,
      10,
      10,
      13,
      12,
      11,
      10,
      11,
      10,
      9,
      11,
      9,
      8,
      8,
      10,
      10,
      9,
      9,
      10,
      8,
      8,
      12,
      11,
      11,
      11,
      10,
      11,
      11,
      11,
      11,
      10,
      11,
      13,
      12,
      12,
      11,
      11,
      10,
      11,
      12,
      12,
      10,
      12,
      11,
      10,
      9,
      11,
      11,
      11,
      11,
      10,
      10,
      9,
      11,
      11,
      11,
      9,
      11,
      11,
      11,
      10,
      9,
      9,
      10,
      8,
      9,
      9,
      16,
      16,
      14,
      12,
      12,
      10,
      11,
      8,
      10,
      10,
      10,
      13,
      11,
      10,
      9,
      8,
      7,
      8,
      9,
      8,
      9,
      8,
      9,
      11,
      11,
      12,
      12,
      9,
      11,
      10,
      11,
      11,
      10,
      11,
      11,
      12,
      10,
      11,
      11,
      10,
      11,
      12,
      11,
      12,
      9,
      11,
      10,
      11,
      10,
      12,
      12,
      12,
      13,
      14,
      13,
      13,
      11,
      13,
      11,
      13,
      14,
      12,
      13,
      14,
      11,
      14,
      12,
      12,
      11,
      11,
      12,
      12,
      11,
      11,
      12,
      11,
      11,
      11,
      10,
      10,
      10,
      10,
      10,
      9,
      9,
      10,
      8,
      5,
      5,
      6,
      6,
      7,
      8,
      7,
      7,
      7,
      8,
      9,
      11,
      9,
      11,
      11,
      11,
      10,
      10,
      12,
      13,
      11,
      12,
      10,
      10,
      10,
      9,
      11,
      8,
      8,
      10,
      11,
      11,
      10
    ],
    "action_trajectory_mean": {
      "m_e": 7.566666666666666,
      "b_e": 495.46666666666664,
      "tau_e": 70.58333333333333,
      "theta_e": 0.5216666666666666
    }
  }
}