{
  "rows": [
    {
      "unsafe_rate": 0.008333333333333333,
      "pollute_rate": 0.2764631915866484,
      "tps": 11723.166697242335,
      "mean_latency": 22.130250609681323,
      "consensus_failure_rate": 0.008333333333333333,
      "timeout_failure_rate": 0.0,
      "queue_peak": 4188.0,
      "eligible_size_mean": 12.725,
      "R_unsafe": 0.008333333333333333,
      "R_pollute": 0.2764631915866484,
      "TPS": 11723.166697242335,
      "recovery_time": 0,
      "malicious_detection_f1": 0.8286384976525821,
      "malicious_detection_auc": 0.9734977280521262,
      "false_positive_rate": 0.19305555555555556,
      "oscillation_index": 6.991176605224609,
      "eligible_size_distribution": [
        25,
        25,
        24,
        15,
        14,
        14,
        16,
        14,
        15,
        13,
        14,
        15,
        14,
        12,
        10,
        12,
        13,
        11,
        12,
        11,
        11,
        9,
        14,
        14,
        13,
        14,
        14,
        11,
        13,
        14,
        15,
        15,
        15,
        10,
        13,
        12,
        14,
        13,
        13,
        13,
        11,
        12,
        11,
        9,
        11,
        11,
        12,
        13,
        12,
        11,
        11,
        10,
        10,
        11,
        11,
        8,
        14,
        13,
        12,
        11,
        24,
        24,
        22,
        13,
        12,
        10,
        11,
        8,
        13,
        13,
        14,
        13,
        11,
        10,
        9,
        8,
        7,
        9,
        9,
        9,
        8,
        10,
        11,
        13,
        15,
        13,
        14,
        11,
        12,
        12,
        13,
        13,
        11,
        12,
        12,
        14,
        12,
        12,
        11,
        10,
        11,
        12,
        13,
        14,
        10,
        13,
        12,
        12,
        11,
        12,
        13,
        13,
        14,
        15,
        13,
        13,
        13,
        14,
        14,
        14
      ],
      "action_trajectory_mean": {
        "m_e": 7.0,
        "b_e": 232.53333333333333,
        "tau_e": 47.0,
        "theta_e": 0.4158333333333334
      },
      "ablation": "no_context_gate"
    },
    {
      "unsafe_rate": 0.15833333333333333,
      "pollute_rate": 0.2763946044810242,
      "tps": 10075.879918994411,
      "mean_latency": 43.14950494971515,
      "consensus_failure_rate": 0.15833333333333333,
      "timeout_failure_rate": 0.0,
      "queue_peak": 2696.0,
      "eligible_size_mean": 17.491666666666667,
      "R_unsafe": 0.15833333333333333,
      "R_pollute": 0.2763946044810242,
      "TPS": 10075.879918994411,
      "recovery_time": 3,
      "malicious_detection_f1": 0.4957627118644068,
      "malicious_detection_auc": 0.7682896090534979,
      "false_positive_rate": 0.1574074074074074,
      "oscillation_index": 28.414283752441406,
      "eligible_size_distribution": [
        25,
        24,
        24,
        23,
        22,
        24,
        23,
        21,
        19,
        20,
        21,
        21,
        21,
        19,
        17,
        16,
        20,
        20,
        15,
        18,
        16,
        17,
        17,
        19,
        18,
        19,
        19,
        20,
        21,
        18,
        23,
        17,
        17,
        18,
        19,
        16,
        21,
        20,
        19,
        19,
        18,
        18,
        17,
        17,
        18,
        18,
        18,
        20,
        20,
        20,
        20,
        19,
        19,
        19,
        20,
        19,
        22,
        20,
        19,
        18,
        24,
        24,
        22,
        21,
        19,
        17,
        17,
        15,
        16,
        18,
        17,
        19,
        15,
        16,
        13,
        11,
        10,
        16,
        16,
        14,
        16,
        16,
        16,
        18,
        20,
        18,
        18,
        16,
        17,
        16,
        17,
        11,
        16,
        12,
        15,
        14,
        12,
        15,
        11,
        10,
        15,
        16,
        18,
        12,
        9,
        17,
        16,
        10,
        9,
        14,
        14,
        17,
        12,
        15,
        17,
        14,
        18,
        14,
        20,
        13
      ],
      "action_trajectory_mean": {
        "m_e": 9.533333333333333,
        "b_e": 290.1333333333333,
        "tau_e": 60.0,
        "theta_e": 0.4366666666666667
      },
      "ablation": "no_penalties"
    },
    {
      "unsafe_rate": 0.0,
      "pollute_rate": 0.2767375400091449,
      "tps": 13404.639037469507,
      "mean_latency": 20.62094112209159,
      "consensus_failure_rate": 0.0,
      "timeout_failure_rate": 0.0,
      "queue_peak": 694.0,
      "eligible_size_mean": 11.65,
      "R_unsafe": 0.0,
      "R_pollute": 0.2767375400091449,
      "TPS": 13404.639037469507,
      "recovery_time": 3,
      "malicious_detection_f1": 0.837465564738292,
      "malicious_detection_auc": 0.9742569015775034,
      "false_positive_rate": 0.1837962962962963,
      "oscillation_index": 2.7920167446136475,
      "eligible_size_distribution": [
        16,
        15,
        24,
        15,
        14,
        14,
        16,
        11,
        13,
        11,
        14,
        14,
        13,
        11,
        9,
        12,
        13,
        12,
        11,
        10,
        11,
        10,
        12,
        12,
        12,
        14,
        14,
        13,
        13,
        13,
        13,
        13,
        13,
        12,
        13,
        12,
        14,
        13,
        13,
        13,
        11,
        11,
        10,
        9,
        10,
        10,
        11,
        12,
        11,
        10,
        10,
        10,
        10,
        10,
        10,
        10,
        13,
        12,
        11,
        10,
        16,
        16,
        22,
        13,
        11,
        10,
        11,
        8,
        11,
        11,
        12,
        13,
        11,
        10,
        9,
        7,
        6,
        8,
        9,
        8,
        8,
        8,
        8,
        11,
        11,
        11,
        12,
        9,
        11,
        10,
        11,
        11,
        10,
        10,
        11,
        12,
        10,
        11,
        11,
        10,
        11,
        12,
        11,
        12,
        9,
        11,
        10,
        11,
        10,
        12,
        12,
        12,
        13,
        14,
        13,
        13,
        13,
        13,
        13,
        13
      ],
      "action_trajectory_mean": {
        "m_e": 7.066666666666666,
        "b_e": 481.06666666666666,
        "tau_e": 41.5,
        "theta_e": 0.49666666666666665
      },
      "ablation": "topk_committee"
    },
    {
      "unsafe_rate": 0.0,
      "pollute_rate": 0.2768747142203932,
      "tps": 13924.527881814993,
      "mean_latency": 20.007797063171605,
      "consensus_failure_rate": 0.0,
      "timeout_failure_rate": 0.0,
      "queue_peak": 0.0,
      "eligible_size_mean": 9.366666666666667,
      "R_unsafe": 0.0,
      "R_pollute": 0.2768747142203932,
      "TPS": 13924.527881814993,
      "recovery_time": 0,
      "malicious_detection_f1": 0.8416038110361255,
      "malicious_detection_auc": 0.9739846965020574,
      "false_positive_rate": 0.17546296296296296,
      "oscillation_index": 0.0,