{
  "train_episodes": 8,
  "ep_reward_mean": 310.391445417481,
  "ep_cost_mean": 0.028888888888888888,
  "lambda_final": 0.07127222222513517,
  "post_train_eval": {
    "unsafe_rate": 0.0,
    "pollute_rate": 0.2767375400091449,
    "tps": 11643.933419887642,
    "mean_latency": 24.274739616872658,
    "consensus_failure_rate": 0.0,
    "timeout_failure_rate": 0.0,
    "queue_peak": 77.0,
    "eligible_size_mean": 12.058333333333334,
    "R_unsafe": 0.0,
    "R_pollute": 0.2767375400091449,
    "TPS": 11643.933419887642,
    "recovery_time": 1,
    "malicious_detection_f1": 0.838042180660565,
    "malicious_detection_auc": 0.9738723851165981,
    "false_positive_rate": 0.17592592592592593,
    "oscillation_index": 10.514286041259766,
    "eligible_size_distribution": [
      16,
      15,
      13,
      14,
      14,
      14,
      14,
      14,
      12,
      11,
      12,
      12,
      14,
      12,
      10,
      12,
      13,
      13,
      12,
      11,
      11,
      11,
      14,
      14,
      12,
      12,
      12,
      13,
      13,
      12,
      15,
      12,
      12,
      13,
      13,
      12,
      12,
      13,
      13,
      13,
      11,
      12,
      11,
      9,
      11,
      11,
      12,
      13,
      12,
      11,
      11,
      10,
      10,
      11,
      11,
      11,
      14,
      13,
      12,
      10,
      16,
      16,
      14,
      12,
      12,
      10,
      11,
      8,
      13,
      13,
      14,
      13,
      11,
      10,
      9,
      8,
      7,
      8,
      9,
      8,
      9,
      8,
      9,
      13,
      15,
      13,
      14,
      9,
      12,
      12,
      13,
      13,
      10,
      12,
      12,
      14,
      12,
      12,
      11,
      10,
      11,
      12,
      13,
      14,
      9,
      14,
      12,
      12,
      10,
      12,
      13,
      13,
      14,
      15,
      13,
      13,
      13,
      14,
      14,
      15
    ],
    "action_trajectory_mean": {
      "m_e": 9.716666666666667,
      "b_e": 408.53333333333336,
      "tau_e": 42.333333333333336,
      "theta_e": 0.4558333333333335
    }
  }
}