{
  "unsafe_rate": 0.0,
  "pollute_rate": 0.27633744855967074,
  "tps": 7350.481488961971,
  "mean_latency": 27.922823600247398,
  "consensus_failure_rate": 0.05,
  "timeout_failure_rate": 0.05,
  "queue_peak": 4802.0,
  "eligible_size_mean": 12.125,
  "R_unsafe": 0.0,
  "R_pollute": 0.27633744855967074,
  "TPS": 7350.481488961971,
  "recovery_time": 0,
  "malicious_detection_f1": 0.7861599546228021,
  "malicious_detection_auc": 0.9538025655864197,
  "false_positive_rate": 0.24305555555555555,
  "oscillation_index": 3.371518611907959,
  "eligible_size_distribution": [
    16,
    15,
    13,
    14,
    14,
    14,
    14,
    14,
    12,
    11,
    12,
    12,
    14,
    12,
    10,
    12,
    13,
    13,
    12,
    11,
    11,
    10,
    13,
    14,
    13,
    14,
    14,
    13,
    13,
    13,
    14,
    15,
    15,
    13,
    13,
    12,
    14,
    13,
    13,
    13,
    16,
    16,
    14,
    12,
    12,
    10,
    11,
    8,
    12,
    13,
    14,
    13,
    11,
    10,
    9,
    7,
    6,
    9,
    9,
    9,
    10,
    10,
    10,
    12,
    14,
    12,
    12,
    10,
    11,
    11,
    13,
    13,
    11,
    11,
    12,
    13,
    11,
    11,
    11,
    10
  ],
  "action_trajectory_mean": {
    "m_e": 7.85,
    "b_e": 155.2,
    "tau_e": 24.25,
    "theta_e": 0.4425
  }
}