{
  "unsafe_rate": 0.0,
  "pollute_rate": 0.27705761316872424,
  "tps": 13111.518486130026,
  "mean_latency": 21.52951216143871,
  "consensus_failure_rate": 0.0,
  "timeout_failure_rate": 0.0,
  "queue_peak": 25.0,
  "eligible_size_mean": 11.8,
  "R_unsafe": 0.0,
  "R_pollute": 0.27705761316872424,
  "TPS": 13111.518486130026,
  "recovery_time": 2,
  "malicious_detection_f1": 0.8284023668639053,
  "malicious_detection_auc": 0.9599426118827161,
  "false_positive_rate": 0.1875,
  "oscillation_index": 1.6208860874176025,
  "eligible_size_distribution": [
    16,
    15,
    15,
    15,
    14,
    14,
    15,
    12,
    13,
    13,
    14,
    14,
    13,
    11,
    10,
    12,
    13,
    12,
    11,
    11,
    11,
    10,
    12,
    12,
    13,
    14,
    14,
    13,
    13,
    13,
    13,
    13,
    13,
    12,
    13,
    12,
    14,
    13,
    13,
    13,
    16,
    16,
    14,
    13,
    12,
    10,
    11,
    8,
    11,
    11,
    12,
    13,
    11,
    10,
    9,
    8,
    7,
    8,
    9,
    8,
    9,
    8,
    9,
    11,
    11,
    12,
    12,
    9,
    11,
    10,
    11,
    11,
    10,
    11,
    11,
    12,
    10,
    11,
    11,
    10
  ],
  "action_trajectory_mean": {
    "m_e": 7.0,
    "b_e": 505.6,
    "tau_e": 40.0,
    "theta_e": 0.49749999999999994
  }
}